CUSTOMER	RETAILER	TASK	FACILITY
Deebees	TJX	Routing / Scheduling	Joliet (Joliet, IL)
Fable & Fern	Target	Routing / Scheduling	Joliet (Joliet, IL)
Dollar Sweet	Target	Routing / Scheduling	Valley View (Buena Park, CA)
Triplelite	Academy Sports & Outdoors	Routing / Scheduling	Valley View (Buena Park, CA)
SharkNinja	The Home Depot	Scheduling	Fontana (Fontana, CA)
SharkNinja	Bestbuy	Scheduling	Fontana (Fontana, CA)
SharkNinja	QVC	Scheduling	Fontana (Fontana, CA)
SharkNinja	Academy Sports & Outdoors	Scheduling	Fontana (Fontana, CA)
SharkNinja	kohls	Scheduling	Fontana (Fontana, CA)
SharkNinja	HSN	Scheduling	Fontana (Fontana, CA)
SharkNinja	TJ Maxx @ Home Goods	Scheduling	Fontana (Fontana, CA)
SharkNinja	Mexico	Scheduling	Fontana (Fontana, CA)
SharkNinja	Scheels	Scheduling	Fontana (Fontana, CA)
Gooder Foods	Gooder Foods	Routing / Scheduling	Joliet (Joliet, IL)
Seg Products	TVH	Routing / Scheduling	Airport (Ontario, CA)
ALL CUSTOMER	LTL Scheduling	Scheduling	Valley View (Buena Park, CA)
Global TV	Walgreens	Routing / Scheduling	Alessandro (Riverside, CA)
Global TV	The Home Depot	Routing / Scheduling	Alessandro (Riverside, CA)
Global TV	Mason	Routing / Scheduling	Alessandro (Riverside, CA)
Global TV	Silver Star	Routing / Scheduling	Alessandro (Riverside, CA)
Global TV	Colony Brands	Routing / Scheduling	Alessandro (Riverside, CA)
Global TV	Winston	Routing / Scheduling	Alessandro (Riverside, CA)
Global TV	Potpourri	Routing / Scheduling	Alessandro (Riverside, CA)
Global TV	Heartland	Routing / Scheduling	Alessandro (Riverside, CA)
Global TV	Walmart	Routing / Scheduling	Alessandro (Riverside, CA)
Overland	Navy Exchange	Routing / Scheduling	Alessandro (Riverside, CA)
Overland	OC Taner	Routing / Scheduling	Alessandro (Riverside, CA)
Overland	CVS	Routing / Scheduling	Alessandro (Riverside, CA)
Overland	Kohls	Routing / Scheduling	Alessandro (Riverside, CA)
Overland	Ross Stores	Routing / Scheduling	Alessandro (Riverside, CA)
Planahead	CVS	Routing / Scheduling	Alessandro (Riverside, CA)
Planahead	Peytons	Routing / Scheduling	Alessandro (Riverside, CA)
Planahead	Navy Exchange	Routing / Scheduling	Alessandro (Riverside, CA)
Planahead	Fred Meyer	Routing / Scheduling	Alessandro (Riverside, CA)
Planahead	Walmart	Routing / Scheduling	Alessandro (Riverside, CA)
Planahead	Horizon	Routing / Scheduling	Alessandro (Riverside, CA)
Planahead	Target	Routing / Scheduling	Alessandro (Riverside, CA)
Duke Cannon	Bass Pro Shops	Routing / Scheduling	Joliet (Joliet, IL)
Duke Cannon	MCX	Routing / Scheduling	Joliet (Joliet, IL)
Duke Cannon	Sportsbasement	Routing / Scheduling	Joliet (Joliet, IL)
Hippie Water	Target	Routing / Scheduling	Douglasville (Douglasville, GA)
Duke Cannon	ACE Hardware	Routing / Scheduling	Joliet (Joliet, IL)
Duke Cannon	AAFES	Routing / Scheduling	Joliet (Joliet, IL)
Duke Cannon	Fleet Farm	Routing / Scheduling	Joliet (Joliet, IL)
Delta Electronics	The Home Depot	Routing / Scheduling	Joliet (Joliet, IL)
Delta Electronics	The Home Depot	Routing / Scheduling	Valley View (Buena Park, CA)
TRIPLELITE	ACE Hardware	Routing / Scheduling	Valley View (Buena Park, CA)
ALL MARKET INC / VITA COCO	ALL RETAILERS	Scheduling	Valley View (Buena Park, CA)
Star Elite	Walmart	Routing / Scheduling	Airport (Ontario, CA)
TPV USA	Walmart	Routing / Scheduling	Valley View (Buena Park, CA)
TPV USA	BI-MART	Routing / Scheduling	Valley View (Buena Park, CA)
TPV USA	JAACX	Routing / Scheduling	Valley View (Buena Park, CA)
Core Home	TJ MAX	Routing / Scheduling	Alessandro (Riverside, CA)
Core Home	MARSHALLS	Routing / Scheduling	Alessandro (Riverside, CA)
Core Home	HOME GOODS	Routing / Scheduling	Alessandro (Riverside, CA)
Core Home	HOME SENSE	Routing / Scheduling	Alessandro (Riverside, CA)
Core Home	CM	Routing / Scheduling	Alessandro (Riverside, CA)
Core Home	WINNERS	Routing / Scheduling	Alessandro (Riverside, CA)
Core Home	Ross Stores	Routing / Scheduling	Alessandro (Riverside, CA)
Core Home	DD'S	Routing / Scheduling	Alessandro (Riverside, CA)
Core Home	BURLINGTON	Routing / Scheduling	Alessandro (Riverside, CA)
Star Elite	MEIJER	Routing / Scheduling	Airport (Ontario, CA)
Midea	Walmart	Scheduling	Alessandro (Riverside, CA)
O5 Apparel	Navy Exchange	Routing / Scheduling	Alessandro (Riverside, CA)
O5 Apparel	Coastguard Exchange	Routing / Scheduling	Alessandro (Riverside, CA)
O5 Apparel	Tillys	Routing / Scheduling	Alessandro (Riverside, CA)
Duke Cannon	Duluth Trading Co.	Routing / Scheduling	Joliet (Joliet, IL)
Duke Cannon	Navy Exchange	Routing / Scheduling	Joliet (Joliet, IL)
Core Home	Bealls 1987, Inc.dba bealls	Routing	Alessandro (Riverside, CA)
Core Home	GABE'S	Routing	Alessandro (Riverside, CA)
Core Home	Macy's Backstage Accounts Payable	Routing	Alessandro (Riverside, CA)
Core Home	Bloomingdale's Outlet	Routing	Alessandro (Riverside, CA)
Core Home	HAMRICK'S INC	Routing	Alessandro (Riverside, CA)
Core Home	New Marc Glassman	Routing	Alessandro (Riverside, CA)
Core Home	At Home Procurement	Routing	Alessandro (Riverside, CA)
Core Home	Bealls Department Stores	Routing	Alessandro (Riverside, CA)
Core Home	Kohls	Routing	Alessandro (Riverside, CA)
Core Home	Variety Whole Saler	Routing	Alessandro (Riverside, CA)
Core Home	Meijer	Routing	Alessandro (Riverside, CA)
Duke Cannon	Bealls	Routing	Joliet (Joliet, IL)
Duke Cannon	Bespoke	Routing	Joliet (Joliet, IL)
Duke Cannon	Burlington	Routing	Joliet (Joliet, IL)
Duke Cannon	Ross Stores	Routing	Joliet (Joliet, IL)
Duke Cannon	Cracker Barrel	Routing	Joliet (Joliet, IL)
Duke Cannon	Blain Support	Routing	Joliet (Joliet, IL)
Duke Cannon	Tractor Supply	Routing	Joliet (Joliet, IL)
Lumistella	BJ's Wholesale Club	Routing	Seabrook (Pooler, GA)
Golden Bull Mktg.	Amazon	Scheduling	Cyprus (Summerville, SC)
Golden Bull Mktg.	Costco	Routing	Cyprus (Summerville, SC)
Golden Bull Mktg.	Tractor Supply Co	Scheduling	Cyprus (Summerville, SC)
Golden Bull Mktg.	Walmart	Scheduling	Cyprus (Summerville, SC)
Golden Bull Mktg.	The Home Depot	Scheduling	Cyprus (Summerville, SC)
Golden Bull Mktg.	Wayfair	Scheduling	Cyprus (Summerville, SC)
Golden Bull Mktg.	Variety Whole Saler	Routing	Cyprus (Summerville, SC)
Golden Bull Mktg.	Garage Organization	Scheduling	Cyprus (Summerville, SC)
Golden Bull Mktg.	Lowes	Scheduling	Cyprus (Summerville, SC)
Golden Bull Mktg.	Bed Bath & Beyond	Routing	Cyprus (Summerville, SC)
Golden Bull Mktg.	Bison Office	Routing	Cyprus (Summerville, SC)
Golden Bull Mktg.	Bluestem	Scheduling	Cyprus (Summerville, SC)
Golden Bull Mktg.	Casaone	Scheduling	Cyprus (Summerville, SC)
Golden Bull Mktg.	Ebay	Scheduling	Cyprus (Summerville, SC)
Golden Bull Mktg.	Hayneedle	Scheduling	Cyprus (Summerville, SC)
Golden Bull Mktg.	Houzz	Scheduling	Cyprus (Summerville, SC)
Golden Bull Mktg.	Pricesmart	Scheduling	Cyprus (Summerville, SC)
Golden Bull Mktg.	Zoro	Routing	Cyprus (Summerville, SC)
Golden Bull Mktg.	Temu	Scheduling	Cyprus (Summerville, SC)
Golden Bull Mktg.	GBM_Walmart (COPILOT)	Routing	Cyprus (Summerville, SC)
Golden Bull Mktg.	GBM_Walmart (EFWW)	Routing	Cyprus (Summerville, SC)
Golden Bull Mktg.	Ceva - Costco	Routing	Cyprus (Summerville, SC)
Pleass Global	Burlington	Routing / Scheduling	Valley View (Buena Park, CA)
Vitacoco	LTL Scheduling	Scheduling	Ignition (Jacksonville, FL)
Star Elite	Amazon	Routing / Scheduling	Airport (Ontario, CA)
Golden Bull Mktg.	Costco	Routing / Scheduling	Seabrook (Pooler, GA)
Golden Bull Mktg.	Zoro	Routing / Scheduling	Seabrook (Pooler, GA)
Golden Bull Mktg.	Amazon	Scheduling	Seabrook (Pooler, GA)
Golden Bull Mktg.	Tractor Supply Co	Scheduling	Seabrook (Pooler, GA)
Golden Bull Mktg.	Walmart	Scheduling	Seabrook (Pooler, GA)
Golden Bull Mktg.	The Home Depot	Scheduling	Seabrook (Pooler, GA)
Golden Bull Mktg.	Wayfair	Scheduling	Seabrook (Pooler, GA)
Golden Bull Mktg.	Variety Whole Saler	Scheduling	Seabrook (Pooler, GA)
Golden Bull Mktg.	Garage Organization	Scheduling	Seabrook (Pooler, GA)
O5 Apparel	Nordstrom	Routing / Scheduling	Alessandro (Riverside, CA)
O5 Apparel	Burlington	Routing / Scheduling	Alessandro (Riverside, CA)
O5 Apparel	Retail Concepts	Routing / Scheduling	Alessandro (Riverside, CA)
O5 Apparel	Sierra Wholesale	Routing / Scheduling	Alessandro (Riverside, CA)
O5 Apparel	Ross Stores	Routing / Scheduling	Alessandro (Riverside, CA)
O5 Apparel	Urban Outfitters	Routing / Scheduling	Alessandro (Riverside, CA)
Golden Bull Mktg.	Lowes	Scheduling	Seabrook (Pooler, GA)
Golden Bull Mktg.	Bed Bath & Beyond	Scheduling	Seabrook (Pooler, GA)
Golden Bull Mktg.	Bison Office	Scheduling	Seabrook (Pooler, GA)
Golden Bull Mktg.	Bluestem	Scheduling	Seabrook (Pooler, GA)
Golden Bull Mktg.	Casaone	Scheduling	Seabrook (Pooler, GA)
Golden Bull Mktg.	Ebay	Scheduling	Seabrook (Pooler, GA)
Golden Bull Mktg.	Hayneedle	Scheduling	Seabrook (Pooler, GA)
Golden Bull Mktg.	Houzz	Scheduling	Seabrook (Pooler, GA)
Golden Bull Mktg.	Pricesmart	Scheduling	Seabrook (Pooler, GA)
Golden Bull Mktg.	Temu	Scheduling	Seabrook (Pooler, GA)
Golden Bull Mktg.	Walmart	Scheduling	Seabrook (Pooler, GA)
SMEG	AMAZON	Scheduling	Airport (Ontario, CA)
NATUS	AMAZON.COM	Routing / Scheduling	Cyprus (Summerville, SC)
NATUS	WAL-MART	Routing / Scheduling	Cyprus (Summerville, SC)
KARAKA LLC	Target Boka	Scheduling	Valley View (Buena Park, CA)
KARAKA LLC	Target Iron Flask	Scheduling	Valley View (Buena Park, CA)
KARAKA LLC	Walmart Boka	Scheduling	Valley View (Buena Park, CA)
KARAKA LLC	Walmart Iron Flask	Scheduling	Valley View (Buena Park, CA)
KARAKA LLC	Walmart Viking	Scheduling	Valley View (Buena Park, CA)
KARAKA LLC	CVS Boka	Scheduling	Valley View (Buena Park, CA)
KARAKA LLC	CVS Zsk	Scheduling	Valley View (Buena Park, CA)
KARAKA LLC	GNC	Routing / Scheduling	Valley View (Buena Park, CA)
KARAKA LLC	Walmart Puracy	Scheduling	Roanoke (Roanoke, TX)
Mamma Chia	Amazon	Scheduling	Valley View (Buena Park, CA)
Mamma Chia	Target	Scheduling	Valley View (Buena Park, CA)
Unybrands	Walmart	Routing / Scheduling	Valley View (Buena Park, CA)
NZXT	Amazon	Routing / Scheduling	Valley View (Buena Park, CA)
Duke Cannon	Sierra Wholesale	Routing / Scheduling	Joliet (Joliet, IL)
Ingenuity	Target	Routing / Scheduling	Joliet (Joliet, IL)
Duke Cannon	Academy Sports & Outdoors	Routing / Scheduling	Joliet (Joliet, IL)
Duke Cannon	Cost plus World Market	Routing / Scheduling	Joliet (Joliet, IL)
Lumistella	Amazon	Routing / Scheduling	Alessandro (Riverside, CA)
The Parallax Group	The Home Depot	Routing / Scheduling	La Mirada (La Mirada, CA)
The Parallax Group	Sams	Routing / Scheduling	La Mirada (La Mirada, CA)
Golden Bull Mktg.	Costco	Routing / Scheduling	Cotton (Glendale, AZ)
Golden Bull Mktg.	sunjoyshop	Routing / Scheduling	Cotton (Glendale, AZ)
Golden Bull Mktg.	GBM_Walmart	Routing / Scheduling	Cotton (Glendale, AZ)
Golden Bull Mktg.	Ceva	Routing / Scheduling	Cotton (Glendale, AZ)
Golden Bull Mktg.	Walmart	Routing / Scheduling	Cotton (Glendale, AZ)
Golden Bull Mktg.	Lowes	Routing/Scheduling	Cotton (Glendale, AZ)
Golden Bull Mktg.	Amazon	Scheduling	Cotton (Glendale, AZ)
Golden Bull Mktg.	HomeDepot	Scheduling	Cotton (Glendale, AZ)
Golden Bull Mktg.	TractorSupply	Scheduling	Cotton (Glendale, AZ)
Golden Bull Mktg.	Wayfair	Scheduling	Cotton (Glendale, AZ)
PM & J	Target	Routing / Scheduling	Valley View (Buena Park, CA)
Soldier Sport	Dick's	Routing / Scheduling	Joliet (Joliet, IL)
Soldier Sport	Big5	Routing / Scheduling	Joliet (Joliet, IL)
Zuru	Waddell	Routing / Scheduling	Cotton (Waddell, AZ)
O5 Apparel	Dillards	Routing / Scheduling	Alessandro (Riverside, CA)
Ember Technologies Inc	Target	Routing / Scheduling	Valley View (Buena Park, CA)
Pepsi	Pepsi Waddell	Scheduling	Cotton (Glendale, AZ)
SharkNinja	COSTCO	Scheduling	Fontana (Fontana, CA)
SharkNinja	COSTCO CANADA	Scheduling	Fontana (Fontana, CA)
SharkNinja	MERCATALYST	Scheduling	Fontana (Fontana, CA)
SharkNinja	CANADIAN TIRE	Scheduling	Fontana (Fontana, CA)
Duke Cannon	Boomgars	Routing / Scheduling	Joliet (Joliet, IL)
O5 Apparel	Belk	Routing / Scheduling	Alessandro (Riverside, CA)
O5 Apparel	Amazon	Routing / Scheduling	Alessandro (Riverside, CA)
O5 Apparel	Ron Jon	Routing / Scheduling	Alessandro (Riverside, CA)
O5 Apparel	The Buckle	Routing / Scheduling	Alessandro (Riverside, CA)
O5 Apparel	Glicks Co	Routing / Scheduling	Alessandro (Riverside, CA)
O5 Apparel	Ranch and Home	Routing / Scheduling	Alessandro (Riverside, CA)
O5 Apparel	Zappos	Routing / Scheduling	Alessandro (Riverside, CA)
O5 Apparel	AAFES	Routing / Scheduling	Alessandro (Riverside, CA)
O5 Apparel	Von Maur	Routing / Scheduling	Alessandro (Riverside, CA)
Duke Cannon	Bump Boxes	Routing / Scheduling	Joliet (Joliet, IL)
Duke Cannon	Evolved Commerce	Scheduling	Joliet (Joliet, IL)
Karaka LLC	GNC	Routing / Scheduling	Valley View (Buena Park, CA)
Karaka LLC	CVS	Scheduling	Valley View (Buena Park, CA)
Karaka LLC	Target	Scheduling	Valley View (Buena Park, CA)
Karaka LLC	Walmart	Scheduling	Valley View (Buena Park, CA)
NATUS	AMAZON	Routing / Scheduling	Lincoln (Tacoma, WA)
Duke Cannon	Kohls	Routing / Scheduling	Joliet (Joliet, IL)
Star Elite	Target	Routing / Scheduling	Airport (Ontario, CA)
Zuru	Meijer	Routing / Scheduling	Seabrook (Pooler, GA)
Zuru	TJX / MARSHALLS	Routing / Scheduling	Seabrook (Pooler, GA)
Zuru	H-E-B	Scheduling	Seabrook (Pooler, GA)
Zuru	Dollar General	Routing / Scheduling	Seabrook (Pooler, GA)
Zuru	CVS	Routing / Scheduling	Seabrook (Pooler, GA)
Zuru	Dollar Tree	Routing / Scheduling	Seabrook (Pooler, GA)
Zuru	Family Dollar	Routing / Scheduling	Seabrook (Pooler, GA)
Zuru	Kohls	Routing / Scheduling	Seabrook (Pooler, GA)
Zuru	Sam's Club	Routing / Scheduling	Seabrook (Pooler, GA)
Zuru	Target	Routing / Scheduling	Seabrook (Pooler, GA)
Zuru	Burlington	Routing / Scheduling	Seabrook (Pooler, GA)
NATUS	AMAZON.COM	Routing / Scheduling	Lincoln (Tacoma, WA)
NATUS	WAL-MART	Routing / Scheduling	Lincoln (Tacoma, WA)
TRIPLELITE	Ace Hardware	Routing / Scheduling	Valley View (Buena Park, CA)
O5 Apparel	TJX	Routing / Scheduling	Alessandro (Riverside, CA)
O5 Apparel	MCX	Routing / Scheduling	Alessandro (Riverside, CA)
O5 Apparel	Backcountry	Routing / Scheduling	Alessandro (Riverside, CA)
O5 Apparel	Dick's	Routing / Scheduling	Alessandro (Riverside, CA)
O5 Apparel	Disney	Routing / Scheduling	Alessandro (Riverside, CA)
O5 Apparel	PacSun	Routing / Scheduling	Alessandro (Riverside, CA)
O5 Apparel	Bealls	Routing / Scheduling	Alessandro (Riverside, CA)
Duke Cannon	TJ Maxx	Routing / Scheduling	Joliet (Joliet, IL)
BP LTL VALLEY VIEW	ALL RETAILERS	Scheduling	Valley View (Buena Park, CA)
Midea	Amazon	Scheduling	Alessandro (Riverside, CA)
SMEG	Amazon	Routing / Scheduling	Cesanek (Northampton, PA)
LTL (AMIELYNN/ PARALLAX) SCHEDULING	ALL RETAILERS	Scheduling	La Mirada (La Mirada, CA)
NZXT	Bestbuy	Routing / Scheduling	Valley View (Buena Park, CA)
SharkNinja	AMAZON	Scheduling	Fontana (Fontana, CA)
SharkNinja	SAMS	Scheduling	Fontana (Fontana, CA)
SharkNinja	UNITED DISTRIBUTION	Scheduling	Fontana (Fontana, CA)
SharkNinja	BJS	Scheduling	Fontana (Fontana, CA)
SharkNinja	TARGET	Scheduling	Fontana (Fontana, CA)
SharkNinja	Lowes	Scheduling	Fontana (Fontana, CA)
SharkNinja	ACE HARDWARE	Scheduling	Fontana (Fontana, CA)
SharkNinja	ENGLEWOOD	Scheduling	Fontana (Fontana, CA)
SharkNinja	Walmart	Scheduling	Fontana (Fontana, CA)
SharkNinja	Ross Stores	Scheduling	Fontana (Fontana, CA)
SharkNinja	TRADING EXPRESS	Scheduling	Fontana (Fontana, CA)
SharkNinja	WAYFAIR	Scheduling	Fontana (Fontana, CA)
SharkNinja	Ulta Beauty	Scheduling	Fontana (Fontana, CA)
SharkNinja	BASS PRO	Scheduling	Fontana (Fontana, CA)
SharkNinja	Macys	Scheduling	Fontana (Fontana, CA)
SharkNinja	Pricesmart	Scheduling	Fontana (Fontana, CA)
Delta Electronics	Hoome depot	Routing / Scheduling	Joliet (Joliet, IL)
Vitacoco	All Market Vitacoco	Scheduling	Ignition (Jacksonville, FL)
Lumistella	Five Below	Routing / Scheduling	Seabrook (Pooler, GA)
Orgain	Amazon	Routing / Scheduling	Valley View (Buena Park, CA)
TPV USA	Amazon	Routing / Scheduling	Valley View (Buena Park, CA)
Lumistella	Dollar General	Routing / Scheduling	Alessandro (Riverside, CA)
Star Elite	Amazon	Routing / Scheduling	Airport (Ontario, CA)